{
    "1": 2.0,
    "2": 2.0,
    "3": 2.0,
    "4": 0.0,
    "5": 0.0,
    "6": 2.0,
    "7": 2.0,
    "8": 2.0,
    "9": 2.0,
    "10": 0.0,
    "11": 2.0,
    "12": 0.0,
    "13": 0.0,
    "14": 2.0,
    "15": 3.75,
    "16": 2.0,
    "17": 3.0,
    "18": 2.0,
    "19": 1.0,
    "20": 0.0,
    "21": 1.25,
    "22": 2.6666666666666665,
    "23": 0.0,
    "24": 2.0,
    "25": 0.0,
    "26": 0.0,
    "27": 2.0,
    "28": 0.0,
    "29": 0.0,
    "total_marks": 37.666666666666664
}